pos,trend,artist_title,days,peak,streams,streams_change,seven_day,total,track_id,region
1,=,Ayumu Imazu - çµã³,6,1,370423,-13083,1968448,1968448,,jp
2,=,"EBiDAN (æµæ¯å¯¿å­¦åç·å­é¨) - Yes! æ±äº¬ (w/ chotokkyu, M!LK, GNJB, SUPERâDRAGON, Sakurashimeji, ONE N' ONLY, BUDDiiS, ICEx, Lienel)",97,1,296907,+4277,2070194,18791873,,jp
3,=,Macaroni Empitsu - éå½ããã,22,3,267509,-1784,1862563,4508047,,jp
4,=,Mrs. GREEN APPLE - Brand New,87,1,258037,-1906,2028910,25944979,,jp
5,=,back number - ãã«ã¼ã¢ã³ãã¼,527,2,249717,+12633,1729282,100674491,,jp
6,=,Mrs. GREEN APPLE - å±ç¯,9,6,216360,-1041,1486993,1790085,,jp
7,+2,Vaundy - ããããã,227,7,211929,+19607,940584,9803863,,jp
8,-1,back number - é«å¶ºã®è±å­ãã,2778,2,209764,+5706,1482801,260663166,,jp
9,-1,back number - è±æ,2554,2,196731,+1089,1427673,235902759,,jp
10,=,"YAO - ãããµããä¸çã®æã¦ã« (w/ Awich, CHICO CARLITO, ONE OK ROCK, Paledusk)",29,3,188795,+692,1356024,5419147,,jp
11,=,Mrs. GREEN APPLE - lulu.,269,1,188245,+3251,1425255,64193484,,jp
12,=,back number - ãããã¼ã¨ã³ã,2241,6,185596,+1319,1286906,171187475,,jp
13,=,back number - æ°´å¹³ç·,1881,1,178970,+752,1321632,302165477,,jp
14,=,M!LK - å¥½ãããã¦æ»ï¼,332,2,169387,+2143,1264388,72505324,,jp
15,+1,ILLIT - It's Me,159,2,163836,+1017,1173499,31675748,,jp
16,-1,Mrs. GREEN APPLE - ç¹æã®å (w/ Sonoko Inoue),2689,5,163165,-590,1210198,349047408,,jp
17,=,Aimyon - ããªã¼ã´ã¼ã«ã,3003,1,163044,+3065,1176513,232448200,,jp
18,=,back number - æ,1382,16,161590,+2828,1147554,115694822,,jp
19,+4,Mrs. GREEN APPLE - Soranji,1450,6,158378,+8070,1118784,261149024,,jp
20,=,Aimyon - åã¯ã­ãã¯ãè´ããªã,3170,2,154038,+1311,1079729,178820757,,jp
21,+1,Kenshi Yonezu - IRIS OUT,388,1,153645,+2305,1109930,141360775,,jp
22,-3,Number_i - BUGS LIFE,87,5,153470,-3137,1109907,13392374,,jp
23,-2,Mrs. GREEN APPLE - ã¢ã»ãã¹ããªãªãª,9,11,152254,+438,1136646,1378227,,jp
24,+2,M!LK - çè£æãã¦ã,240,1,151785,+3472,1083828,53860230,,jp
25,+11,back number - ãã­ã¤ã³,1753,3,149423,+10295,1005932,112745583,,jp
26,+2,Mrs. GREEN APPLE - ã©ã¤ã©ãã¯,909,1,149230,+3143,1071552,273323237,,jp
27,-3,Mrs. GREEN APPLE - ã·ã³ãã¬ã©,9,9,149211,-638,1140959,1420993,,jp
28,+2,M!LK - æç©ºè¶ãã¦ã¦ããã¼ã¹,30,3,148976,+5294,1071258,5543728,,jp
29,=,Sukima Switch - å¥(ããªã§),2236,19,145549,-180,1004881,130098201,,jp
30,+3,Vaundy - æªç£ã®è±å,2132,1,145122,+5122,1050816,326620841,,jp
31,-4,back number - å¹¸ã,561,21,144939,-2572,1026314,48761367,,jp
32,=,BE:FIRST - å¤¢ä¸­,530,4,143227,+2209,986997,98642971,,jp
33,+1,Superfly - æãããã¦è±æã,2341,4,142971,+3153,1010823,116058755,,jp
34,-9,Mrs. GREEN APPLE - Variety,9,13,142156,-7526,1103670,1353650,,jp
35,+2,Mrs. GREEN APPLE - ãã¼ãªã³,626,1,140422,+1558,1006236,119974527,,jp
36,+2,SixTONES - ãã¤ãªã³ãªã¼,88,10,139779,+1047,1021844,10092986,,jp
37,+2,Mrs. GREEN APPLE - éã¨å¤,3005,2,139704,+1791,1019192,343599734,,jp
38,+2,HANA - Blue Jeans,451,1,138331,+1717,1021657,115522736,,jp
39,-4,back number - HAPPY BIRTHDAY,2187,11,136650,-2944,993917,190981991,,jp
40,+1,Number_i - DIGITAL GIRL,15,23,136231,+133,953389,2038112,,jp
41,-10,back number - åã®æäººã«ãªã£ãã,825,21,135535,-6305,975083,66931878,,jp
42,+5,SPITZ - è¦ç¥ãã¬ç³¸,61,7,133283,+7598,920751,9580370,,jp
43,-1,Mrs. GREEN APPLE - æ¬ã¨å½æ,9,21,132372,+2189,987448,1218762,,jp
44,+1,Aimyon - æãä¼ãããã ã¨ã,2452,4,131451,+3665,939769,118658179,,jp
45,+1,Macaroni Empitsu - æäººãã£ã,2334,30,128268,+1562,922077,160419170,,jp
46,-3,sakanaction - å¤ã®è¸ãå­,191,1,127838,-1181,978193,36333095,,jp
47,-3,Mrs. GREEN APPLE - GOOD DAY,355,6,126990,-1738,958844,39240469,,jp
48,=,Mrs. GREEN APPLE - ç¦ããéã³,9,18,126866,+2022,989492,1225744,,jp
49,=,Mrs. GREEN APPLE - ã±ã»ã©ã»ã©,1262,2,122764,+5922,880182,262175097,,jp
50,=,Mrs. GREEN APPLE - ã¨ãã½ã¼ã,9,35,112294,-949,863151,1060432,,jp
51,=,Number_i - REBON,15,32,105965,-1061,793559,1815068,,jp
52,+2,back number - ãªã¼ã«ããã¡ãã·ã§ã³,1712,30,99566,+4770,669306,102628723,,jp
53,+9,SPITZ - ãã§ãªã¼,2862,23,97933,+9463,695519,145633609,,jp
54,+3,Mrs. GREEN APPLE - åã®ãã¨,2735,12,97469,+5280,689185,218997055,,jp
55,+3,Aimyon - ãã«ãã,2257,4,97192,+5336,677427,124982903,,jp
56,-3,Mrs. GREEN APPLE - é¢¨ã¨çº,178,1,96558,+606,758578,18252334,,jp
57,-1,OFFICIAL HIGE DANDISM - Pretender,2730,1,94885,+2568,673756,261442723,,jp
58,-6,Aimyon - è£¸ã®å¿,2307,2,94835,-1450,713117,184131509,,jp
59,=,Fujii Kaze - ããã,1984,3,93253,+3050,670423,226442029,,jp
60,=,Yorushika - ãã åã«æ´ã,2711,6,92119,+2713,682305,241928729,,jp
61,-6,GReeeeN - ã­ã»ã­,3033,19,91104,-1602,682702,103566003,,jp
62,+6,M!LK - ã¢ã¤ãã«ãã¯ã¼,163,2,90104,+3847,728940,23580967,,jp
63,+3,back number - ç¬ã,1159,33,89627,+3217,607862,74766893,,jp
64,+1,Kenshi Yonezu - ç - Raven,115,1,88592,+1810,661918,21455136,,jp
65,-4,=LOVE - æãã¯ããã¾ããã,64,29,88406,-426,651374,7030779,,jp
66,+1,CHANMINA - SAD SONG,619,6,87647,+1279,621739,79435080,,jp
67,+2,AiNA THE END - é©å½éä¸­ - On The Way,460,4,87106,+1084,645873,82905914,,jp
68,+5,Yuuri - ãã©ã¤ãã©ã¯ã¼,2166,1,86204,+3168,599988,295991667,,jp
69,+3,OFFICIAL HIGE DANDISM - 115ä¸ã­ã­ã®ãã£ã«ã,2706,6,85770,+2485,591376,242495565,,jp
70,=,Macaroni Empitsu - ãªãã§ããªããã,1799,1,85513,+900,589130,222704491,,jp
71,+9,Snow Man - ã°ãã¿ã¤ã,94,1,83105,+4754,504891,9071956,,jp
72,-9,Mrs. GREEN APPLE - çã,9,45,82409,-5499,717922,902797,,jp
73,+8,M!LK - You!Joy!Parade!,83,16,82369,+4376,608898,11254199,,jp
74,+3,Mr.Children - HANABI,2295,1,82288,+3171,575168,102451628,,jp
75,+1,Macaroni Empitsu - æã®ã¬ã³ã¿ã«,151,62,82154,+1963,589487,10846966,,jp
76,-5,Jimin - Who,810,1,82092,-1693,566670,172648267,,jp
77,-2,Macaroni Empitsu - ãã«ã¼ããªã¼ã»ãã¤ã,2282,54,81500,+1095,569691,116783737,,jp
78,-14,back number - ãããã,244,54,81075,-6628,581872,16751683,,jp
79,-1,Ed Sheeran - Shape of You,3518,1,80732,+2094,577302,142220913,,jp
80,+4,RADWIMPS - ã¹ãã¼ã¯ã«,37,52,80723,+3370,579288,2857909,,jp
81,+4,Novelbright - ãã­ãã½ã¦,1812,51,80165,+3341,552736,112217522,,jp
82,=,HANA - ROSE,554,2,77954,-3,577193,117343088,,jp
83,-4,SPITZ - æ¥,1301,24,77907,-516,542197,38177134,,jp
84,+2,sakanaction - æªç£,594,1,77803,+1163,578906,113312360,,jp
85,+2,Kvi Baba - BPM (w/ KREVA),163,53,77378,+873,561434,11959302,,jp
86,+9,ayaka - ä¸æ¥æ,584,84,77225,+3461,469323,6756042,,jp
87,+5,BE:FIRST - Missing,100,4,77049,+2033,565631,14191862,,jp
88,-5,Mrs. GREEN APPLE - Really Really,9,47,75987,-1523,686038,871004,,jp
89,+2,Fujii Kaze - ã¬ã¼ãã³,1251,10,75712,+339,548839,97191231,,jp
90,+3,yangskinny - éªæè±,270,28,75423,+425,530350,25383876,,jp
91,-2,back number - æªç,1962,10,75307,-562,549360,140251005,,jp
92,-4,=LOVE - ã¨ãã¹ãã¥ããã¦,528,36,74765,-1365,532914,46807416,,jp
93,+5,Omoinotake - å¹¾ååå¹´,983,2,74749,+2564,547107,164230480,,jp
94,-4,Novelbright - æã¨ãæã¨ã,1633,7,74477,-993,520105,156383013,,jp
95,+2,ATEEZ - BAD,86,51,74208,+897,535974,6767015,,jp
96,-22,Takaya Kawasaki - åã®çºã®ã­ããã¦ã¿,364,74,73966,-7815,528535,14315325,,jp
97,+15,SPITZ - ã­ãã³ã½ã³,2218,32,73880,+4587,522483,84246214,,jp
98,+1,Kenshi Yonezu - Lemon,2228,4,73536,+1368,524127,133484509,,jp
99,-3,Aimyon - ä»å¤ãã®ã¾ã¾,1493,1,73233,-425,483677,71299671,,jp
100,+23,RADWIMPS - æ­£è§£,363,29,73121,+6699,490717,25143537,,jp
101,-1,Fujii Kaze - æè·¯,877,59,73102,+999,520964,46943556,,jp
102,-8,back number - æ¥ææ¥,218,77,73031,-1362,522845,12782327,,jp
103,=,Mrs. GREEN APPLE - ã¤ã³ãã§ã«ã,2637,13,72842,+1681,520178,228566183,,jp
104,+7,Kenshi Yonezu - ã¢ã¤ãã¯ã©ã¤ã,1491,58,71885,+2429,506597,72904260,,jp
105,-4,Kenshi Yonezu - JANE DOE (w/ Hikaru Utada),381,2,71830,+20,515689,73867156,,jp
106,-1,back number - ã¯ãªã¹ãã¹ã½ã³ã°,1834,1,71680,+1482,485033,115640978,,jp
107,+8,back number - ã©ããã¦ãã©ããã¦ã,284,27,70911,+2157,497505,29352472,,jp
108,-1,tuki. - æ©é¤æ­,1104,2,70622,+605,499325,162857891,,jp
109,+10,Sukima Switch - å¨åå°å¹´,1481,65,70032,+2516,487264,48848837,,jp
110,-8,Number_i - 3XL,255,1,70019,-1264,479395,43476316,,jp
111,-3,King Gnu - AIZO,272,1,69936,-80,501306,53610629,,jp
112,+2,Fujii Kaze - æºã¡ã¦ãã,916,3,69568,+719,487611,82683256,,jp
113,-3,Saucy Dog - ãã¤ã,2158,51,69259,-207,492454,111140633,,jp
114,-8,Mrs. GREEN APPLE - Carrying Happiness,109,11,68990,-1046,576180,11230017,,jp
115,+13,RADWIMPS - me me she,598,51,68974,+4117,495730,43359732,,jp
116,+5,King & Prince - So Honey,37,22,68814,+2161,451054,3578165,,jp
117,=,ONE OK ROCK - Wherever you are,3018,4,68770,+741,478446,106517843,,jp
118,+2,Vaundy - ä¸å¯å¹¸å,2270,18,68563,+1758,471651,173951543,,jp
119,-10,CHANMINA - Never Grow Up,1638,21,68500,-1101,512188,89087818,,jp
120,+4,SG - åãã¾ã,736,62,68271,+2071,488619,36079741,,jp
121,-8,GReeeeN - æå,2855,4,68171,-1121,493217,97568447,,jp
122,=,Tani Yuuki - W / X / Y,1746,1,67887,+1252,479643,225182001,,jp
123,+19,SUDA MASAKI - ãããªãã¨ã¬ã¸ã¼,1553,62,67660,+6204,505624,73971604,,jp
124,-8,Aimyon - æ¡ãéãå¤ã¯,857,12,67290,-897,473253,52820589,,jp
125,+1,King Gnu - ç½æ¥,2041,3,67249,+2217,475664,129470172,,jp
126,+42,Da-iCE - CITRUS,1821,8,67060,+10292,123828,140594889,,jp
127,+3,ARASHI - Five,218,1,66846,+2154,483284,36412666,,jp
128,+1,OFFICIAL HIGE DANDISM - Subtitle,1457,1,66272,+1420,470277,206807662,,jp
129,+18,KOBUKURO - è¾(ã¤ã¼ã¿),267,97,66097,+5557,437442,6372990,,jp
130,+15,ARASHI - Love so sweet,845,3,65714,+4736,455919,38276555,,jp
131,+3,Yuuri - ããã«ã®ã¦ã¹,1798,1,65469,+1936,462098,212376176,,jp
132,-1,sakanaction - æ°å®å³¶,1581,2,65435,+1395,491931,68239310,,jp
133,-29,HIRAIDAI - ã¾ãé¢ãæ¥ã¾ã§,1100,60,65208,-5128,492160,39586012,,jp
134,-2,Mrs. GREEN APPLE - ã¯ã¹ã·ã­,551,1,64961,+1196,454672,99015134,,jp
135,-2,SPITZ - ç©ºãé£ã¹ãã¯ã,1392,58,64650,+926,463927,58614116,,jp
136,+3,AI - Story,1532,17,64634,+2332,465217,51305870,,jp
137,+15,PornoGraffitti - ã¢ã²ãè¶,329,20,64596,+4407,457642,27601875,,jp
138,-13,CHANMINA - ãã¬ã³ã,822,17,64490,-816,482572,64607914,,jp
139,+10,Hikaru Utada - First Love,1580,8,64339,+3940,433501,77534064,,jp
140,+3,RADWIMPS - å¤æ-ããã¥ã¤-,5,53,64174,+2772,360338,360338,,jp
141,-14,Mrs. GREEN APPLE - ãã­ã¸ã§ã¯ã4,8,57,63999,-953,533863,652838,,jp
142,+25,Da-iCE - I wonder,683,2,63877,+7090,120664,109971358,,jp
143,-25,Takaya Kawasaki - é­æ³ã®çµ¨æ¯¯,1674,13,63658,-4076,465728,137030285,,jp
144,+16,"HIRAIDAI - Stand by me, Stand by you.",2104,4,63193,+5139,421087,175756650,,jp
145,-7,Vaundy - napori,2096,16,63184,+821,447194,145361882,,jp
146,-10,SIX LOUNGE - åãç©ããããåã¯æãè¦ããªã,122,55,62347,-533,446004,9259603,,jp
147,+12,Aimyon - å§¿,29,88,62308,+4174,410926,1577821,,jp
148,-4,BE:FIRST - WATCH ME (w/ BIA),19,51,61756,+654,432985,1371175,,jp
149,+1,Kenshi Yonezu - æé»,1660,23,61466,+1202,440779,105060568,,jp
150,+11,MONGOL800 - å°ããªæã®ãã,3107,6,61371,+3725,447754,118136326,,jp
151,-3,OFFICIAL HIGE DANDISM - I LOVE...,2356,1,61115,+586,444588,198353464,,jp
152,+2,sumika - Lovers,926,57,60989,+1620,419755,32491255,,jp
153,-16,Mrs. GREEN APPLE - å¤ã®å½±,102,4,60883,-1581,503098,13807888,,jp
154,-3,Novelbright - Walking with you,2292,13,60799,+602,427406,153890666,,jp
155,-15,Macaroni Empitsu - ãã¹ã¿ã¼ã»ãã«ã¼ã¹ã«ã¤,457,72,60697,-914,442634,28970574,,jp
156,-1,Fujii Kaze - è±,1053,7,60588,+1509,420571,90390563,,jp
157,+16,back number - ã¢ã¤ã©ãã¦ã¼,1287,8,59930,+4081,414558,110176889,,jp
158,+11,Snow Man - ã«ãªã¹ããã¯ã¹,408,7,59695,+3251,422453,45436146,,jp
159,-1,Saucy Dog - ã·ã³ãã¬ã©ãã¼ã¤,1818,2,59621,+1248,425857,206119593,,jp
160,-3,King & Prince - Theater,290,4,59492,+868,413802,37368375,,jp
161,+9,M!LK - ç½ªã¨ç½°ã¨é¨ã¨ã­ã¹ (ä½éåæ&åç°ä»äºº),66,7,59298,+2975,413541,5948959,,jp
162,-9,shytaupe - é¨å±,14,150,59174,-542,355021,804832,,jp
163,+16,back number - åã¯åã®äºãå¥½ãã ãã©åã¯åãå¥ã«å¥½ããããªãã¿ãã,330,101,58888,+3978,404479,18288018,,jp
164,-18,Saucy Dog - é­æ³ãè§£ããã,175,75,58805,-2106,423701,9509120,,jp
165,+9,SOUTHERN ALL STARS - TSUNAMI,389,54,58725,+2899,426441,21276857,,jp
166,-25,Number_i - NUMBERS PT.2,11,63,58114,-3435,228960,748540,,jp
167,-5,SPITZ - ç¾ããé°­,1238,2,58079,+629,447123,151334287,,jp
168,-2,Kenshi Yonezu - å¤é·¹ - Yodaka,87,3,57966,+903,414461,10347296,,jp
169,+14,back number - æ°ããæäººéã«,587,3,57948,+3091,276788,66741171,,jp
170,-14,Yorushika - ã ããåã¯é³æ¥½ãè¾ãã,1894,37,57460,-1277,347588,93728591,,jp
171,-36,back number - ãã§ãã¯ã®ã¯ã³ãã¼ã¹,295,61,57254,-5912,432704,17699247,,jp
172,+5,MISIA - ã¢ã¤ãã«ã¿ã (w/ HIDE (GReeeeN)),630,96,57110,+1867,289708,25081186,,jp
173,+2,Mrs. GREEN APPLE - ãã³ã¹ãã¼ã«,1597,2,56729,+945,428586,275513406,,jp
174,-9,back number - é ¬ãæ¿¡ããé¨ã®ããã«,87,119,56244,-838,423037,5015851,,jp
175,-12,RADWIMPS - ã©ã¹ããã¼ã¸ã³,46,138,56050,-1216,401191,2408338,,jp
176,+19,M!LK - ã¤ã¤ããã,291,55,55739,+2388,402900,22412615,,jp
177,+4,KANA-BOON - ã·ã«ã¨ãã,349,30,55645,+767,396834,31936582,,jp
178,+18,Aimyon - æã®è±,728,6,55586,+2390,222724,59068916,,jp
179,+1,ORANGE RANGE - Ikenai Taiyou,546,26,55571,+691,413745,36809075,,jp
180,-9,Number_i - DEJA VU CLUB,9,71,55531,-485,111547,603293,,jp
181,RE,WANIMA - ã¨ãã«,1134,57,55252,,351710,43068254,,jp
182,-6,SOUTHERN ALL STARS - Manatsu no Kajitsu,76,52,55226,-325,413632,5500460,,jp
183,RE,Motohiro Hata - ã²ã¾ããã®ç´æ,1501,25,55032,,221414,31063099,,jp
184,+2,Ketsumeishi - åã ã ãã®åããã£ã¨ã»ã»ã»,549,85,55025,+736,347106,9148860,,jp
185,-3,This is LAST - #æã¨ã¯,27,154,55007,+130,285425,1496949,,jp
186,-8,Jin - Donât Say You Love Me,507,1,54964,-265,434363,135443264,,jp
187,+10,ILLIT - Magnetic,864,2,54960,+1910,393048,104417507,,jp
188,+11,Ryokuoushoku Shakai - Mela!,2258,21,54829,+1964,391778,157682280,,jp
189,-17,natori - ã»ã¬ãã¼ã,257,28,54534,-1357,334740,23633617,,jp
190,-3,Jung Kook - Seven (w/ Latto),1151,1,54489,+584,108394,155817125,,jp
191,-6,Hikaru Utada - é,231,69,54461,+74,108848,7398038,,jp
192,-2,OFFICIAL HIGE DANDISM - ããã,411,20,54450,+932,331401,36087374,,jp
193,-5,Yorushika - è±ã«äº¡é,630,28,54321,+676,391557,34774983,,jp
194,RE,HY - 366æ¥,1697,6,53973,,334100,61174410,,jp
195,-3,Vaundy - è¸ãå­,1659,7,53790,+294,385228,124805185,,jp
196,RE,Yuuri - ããªããªãªã³,1185,4,53785,,332373,129894780,,jp
197,-33,ayaka - ã«ããã,775,39,53751,-3496,287386,6556751,,jp
198,RE,ARASHI - Happiness,497,2,53691,,283423,22968068,,jp
199,RE,Yorushika - æ¥æ³¥æ£,1590,51,53610,,335238,84302492,,jp
200,-6,Kenshi Yonezu - ããã¼ãªãã¾ããã¤ãï¼- Sayonara,877,3,53598,+212,270042,91626978,,jp
